{
  "version": "2.0",
  "functionTimeout": "00:05:00",
  "logging": {
    "applicationInsights": {
      "samplingSettings": {
        "isEnabled": true,
        "excludedTypes": "Request"
      }
    },
    "logLevel": {
      "default": "Information",
      "Host.Results": "Error",
      "Function": "Information",
      "Host.Aggregator": "Warning"
    }
  },
  "extensionBundle": {
    "id": "Microsoft.Azure.Functions.ExtensionBundle",
    "version": "[4.*, 5.0.0)"
  },
  "retry": {
    "strategy": "exponentialBackoff",
    "maxRetryCount": 3,
    "minimumInterval": "00:00:02",
    "maximumInterval": "00:00:30"
  },
  "healthMonitor": {
    "enabled": true,
    "healthCheckInterval": "00:00:10",
    "healthCheckWindow": "00:02:00",
    "healthCheckThreshold": 6,
    "counterThreshold": 0.80
  },
  "eventGrid": {
    "maxEventsPerBatch": 1,
    "preferredBatchSizeInKilobytes": 64,
    "maxBatchWaitTime": "00:00:01"
  }
}